{"cameraMode":{"drawMode":0,"name":"Shaded","section":"Shading Mode"},"sceneLighting":true,"audioPlay":false,"sceneViewState":{"showFog":true,"showMaterialUpdate":false,"showSkybox":true,"showFlares":true,"showImageEffects":true,"showParticleSystems":true},"in2DMode":false,"pivot":{"x":201.79998779296876,"y":358.4000244140625,"z":0.0},"rotation":{"x":0.05427447706460953,"y":0.01796848699450493,"z":-0.0009775677463039756,"w":0.9983683824539185},"size":291.6859130859375,"orthographic":false}