{"cameraMode":{"drawMode":0,"name":"Shaded","section":"Shading Mode"},"sceneLighting":true,"audioPlay":false,"sceneViewState":{"showFog":true,"showMaterialUpdate":false,"showSkybox":true,"showFlares":true,"showImageEffects":true,"showParticleSystems":true},"in2DMode":false,"pivot":{"x":2.790555000305176,"y":-3.0906291007995607,"z":-9.144344329833985},"rotation":{"x":0.03553992137312889,"y":0.9385805726051331,"z":-0.10176266729831696,"w":0.3277924060821533},"size":1.63898503780365,"orthographic":false}